GDP,Unemployment,Inflation,InterestRate,Swiss franc/Euro,Euro/Dollar,Euro/Uk,Stoxx50,Property Prices Ger,Property Prices UK,VIX
-0.0045479757774791185,0.013681550151509292,0.004878048780487809,-0.038961038961038974,0.0036249230558786927,0.019266180700339364,0.014215778572773452,-0.08009314147946434,0.0008945066700170035,0.0049500001712716735,-0.017123018774350074
-0.004568754361648941,0.011079346558373171,0.0012135922330096527,-0.021235521235521082,0.001431102630502945,0.019081177120504167,0.003156038243757653,-0.03577664925405377,-0.002411586479686978,0.013508440530731747,0.06931087578906947
0.00048630114516701184,0.007841895539832722,-0.00242424242424244,-0.00591715976331364,0.018305546104117054,0.009479159035967966,0.003793837327658034,0.0813340626757213,-0.0012721497249734703,0.01204522272599462,-0.22148678454200543
0.0004860647713123001,0.004756454565592927,-0.00243013365735123,-0.01388888888888895,0.012763966853782449,0.03512234768221534,0.0676622418879056,0.020756045213329077,-0.0035196207119317924,0.013457778820992194,-0.13301619858624292
0.00048582862713142383,0.0021296558817429645,0.0024360535931791105,-0.030181086519114553,0.016892114813592762,-0.015394969294186933,0.006993610775340997,0.05687745096340424,-0.0023748242484589177,0.011922799678059537,-0.1308552434555731
0.0030350881476679525,0.0009125998623620291,0.002430133657351119,-0.026970954356846488,0.004217766530400402,-0.0025489861016175785,-0.024950698791048498,0.012379412335097983,-0.0016202425031486278,0.0019261624333035687,-0.038468909151836206
0.003025904261508172,4.883373372899236e-05,0.0,0.021321961620468954,-0.004910829671749828,-0.00179884360054261,-0.02048892015476622,0.028771768769020323,-0.003308613867923804,0.021287789821089698,-0.032678433640901394
0.003016775786798709,-0.0003114150188644471,-0.001212121212121109,0.022964509394572064,0.004805194805194812,-0.003232311674938093,0.00745129724391802,0.020143368466313705,-0.0023900984974157824,0.010364442973505472,0.05389070054676659
0.000401034091230823,-0.0002407510778245081,0.0,0.0,0.000710869846193507,0.0010044050335040744,0.04188201746569242,-0.00567643734006773,-0.0006804648399015845,-0.010868271768483484,-0.019507256165162246
0.0004008733273606069,7.221198735374301e-05,-0.0024271844660194164,0.020408163265306145,0.006780755569906427,-0.00695210928429113,0.0008552856654122643,0.037222988081708985,-0.004170866285634345,0.030514119006785023,-0.10764724745291554
0.0004007126923299964,0.000640950335362156,0.008515815085158085,0.01200000000000001,-0.0029506093649774856,0.01325095990069003,0.049905998974534294,0.024125125415683124,-0.0024579749164714837,0.008736469370574262,-0.12898085115516544
-0.0005106602752714684,0.0010075860667755343,0.0,-0.007905138339920903,0.007269686052496116,-0.013975155279503104,0.026615660100927974,0.04606923784935657,-0.006027224960594713,-0.02936197432230525,-0.06239044784480108
-0.0005109211824230186,0.03561407478673484,0.0024125452352230514,-0.013944223107569598,0.0049179280832853944,-0.02203279635917088,0.0026163482121619452,0.013082891164918342,0.0013153078344243507,0.045513163813176716,-0.026720597315031402
-0.0005111823563170859,0.012946946714685437,0.0036101083032491488,-0.020202020202020332,-0.004067624253209612,-0.008361648692569057,-0.030365332911592602,-0.013254256822200272,-0.002418473377078456,0.006560978619633673,0.21947957548640362
0.001965743658979946,0.0010218193472519843,0.003597122302158251,-0.01855670103092777,-0.007849393746011457,-0.008804600440974863,-0.02259011580492587,0.01779169928271962,-0.003129974197028096,0.006005634231035728,-0.1237571233010234
0.0019618870918696185,0.0013914808072537088,0.002389486260454099,0.008403361344537785,-0.00945520036019809,0.009378804503028526,0.001835627868168821,-0.04152442927245581,-0.0015670434756166474,0.005170683396781062,0.14369339932632563
0.0019580456274277402,0.001973857257807632,0.0,0.006250000000000089,-0.013506493506493467,-0.010855160296022737,0.010910302323644538,0.02198619228987675,-0.0022742216183809782,0.0048045767420208385,-0.1838213191121877
-0.0010768329520350894,0.0029908123115336416,0.0023837902264598476,0.0020703933747412417,0.005134281200631863,0.0022279761546335486,0.010545394628439508,-0.01840058969011238,-0.002102282593240079,0.03387135395322027,-0.005201605730816294
-0.0010779937712500631,0.004297998982490947,0.0023781212841855748,0.008264462809917328,0.00766208251473488,0.005497476568132598,-0.0073373552910483975,-0.02554508721966564,-0.0025054386375411575,-0.02416860245960617,0.05687039110459069
-0.001079157095877581,0.005634588767702953,-0.003558718861209953,-0.002049180327868827,0.002859556768700866,0.017746706103791254,0.0034494086727989703,0.03811177819664224,-0.0021785730106609336,0.0039145670806195465,-0.1618006593848177
-0.000120008568820551,0.006826438841511573,0.0023809523809523725,-0.01848049281314168,-0.0003240230704425473,0.0148833113166007,0.022262236045179407,0.01634645781049393,-0.0015196090567465292,0.02763182387153784,0.03413792369465751
-0.0001200229726057156,0.007341281924409193,-0.004750593824228044,-0.012552301255230214,-0.013613380007779008,0.010384125882216821,0.040112089671737294,0.03149344518025177,-0.0027909356126184504,-0.01952537366675622,-0.0997755529916271
-0.00012003737984889185,0.007474813559459781,0.01193317422434359,-0.02330508474576254,0.009726603575183956,-0.005181643812086745,0.032099145562312525,0.018645984376742808,-0.0021264276202390686,0.0037672748300094927,-0.06832259729918899
0.0005302368610460295,0.007531117674756782,-0.005896226415094352,-0.013015184381778844,0.006834157771413718,0.0052805755395683995,-0.021554295942720736,0.017294650567180936,0.00014777485658457046,-0.004814279931169452,-0.059658216053883106
0.000529955858914688,0.010841998342608905,0.003558718861209842,-0.01318681318681314,0.002068653435904233,-0.012867305022399744,-0.008003658815458614,0.03549221249823242,-0.004070742809984984,0.012234858354016609,-0.07111460795238855
0.0005296751544634493,0.007427701158620792,0.0035460992907803135,0.0,-0.0004515837687890656,0.003842361674979866,0.01436914092515762,0.0030617826299215167,-0.002000734984852426,0.0040833733747047685,0.020525741408872866
0.00199814403557963,0.02286869780507028,0.0,0.00222717149220486,-0.0012262811410869157,-0.0135773402857019,-0.019922733126278347,-0.01395287340713669,-0.0022693309287324936,0.011585159372816234,0.12317526775859
0.0019941594178329858,0.0034213492155314995,0.0035335689045936647,-0.022222222222222143,-0.0016801292407109258,0.0015521356507985917,-0.01885917452465602,0.0006976219968732877,-0.0015420252688606029,-0.0027389590187024693,-0.021177336121040113
0.0019901906603843056,0.0010471403701415305,0.0011737089201877549,-0.029545454545454763,-0.0037542883034500374,-0.02198862556470116,-0.04167323144792834,0.043540739340433676,-0.001813759992037145,0.004814962842042192,-0.10025742694192608
0.002621867429206892,-0.0007129578125714131,0.004689331770222793,-0.011709601873536313,0.012149957767526587,0.02781971746767309,-0.010521989313604485,0.035557523647175904,-0.005704938596341025,0.023436116775731985,0.028408770586909826
0.0026150112164715633,-0.003787887553552194,0.002333722287047868,-0.007109004739336289,-0.003209654641160631,-0.0033306184187560373,0.02118468056824807,0.015604955515906793,0.0020980330512205825,-0.011849158773172053,0.14384091098390206
0.002608190768357499,-0.007544184045212288,0.0034924330616996624,-0.0023866348448688957,-0.002060793405461059,-0.011192668583186238,-0.0029287341360234587,0.01762648599117078,-0.001691982005392778,0.0062093517370735984,-0.00963922445567944
0.001261288078737266,-0.010828131211578218,0.0,0.0023923444976077235,-0.0003871966959215767,0.005563754427390766,-0.019663838120104415,-0.005272098862148855,-0.0016247269036940848,0.007535247243250387,0.13817961425085712
0.0012596992351090464,-0.012063335240261153,-0.0058004640371229765,0.014319809069212264,-0.0026468689477081586,-0.0029939680349884146,-0.01905950894714936,0.019252785137587658,-0.001694341822837564,0.0068478359389791965,-0.12486562780050015
0.0012581143893752866,-0.011636639057196585,0.010501750291715295,0.021176470588235352,0.0019418732604052913,-0.0001619242488921646,0.005939249957576775,0.04179515372713216,-0.0016248081715853901,0.008165343495298183,-0.11597687223913056
0.003720298159479496,-0.009722127594093521,-0.005773672055427226,0.016129032258064502,0.0009690548485044026,0.009952592679838723,0.02083333333333326,0.03003783932133608,-0.01105845106354486,-0.007846106656750229,0.13312292256636882
0.003706508841458289,-0.007884272519175006,0.0034843205574914826,-0.0022675736961450532,0.005550535691235314,-0.004387883028659778,-0.01363298355779552,0.040061037670196864,0.008172893779077706,0.024808885992676055,0.03721828022126683
0.003692821366414023,-0.008030695981635194,0.0011574074074074403,0.022727272727272707,0.007124518613607078,0.00934155233758438,0.006868822248282891,0.025751334920088187,-0.0015050700614461787,0.009200678584688093,-0.07231504019998314
0.005708305474137587,-0.010408455987059528,0.003468208092485492,0.022222222222222143,0.0036326556624817208,0.00765938927975629,0.020881863560732183,0.012028203253615422,0.00284701850884006,0.0027068514958046297,0.02665301377997298
0.005675905670726733,-0.0126062484060262,0.0023041474654377225,0.01739130434782621,-0.011684023368046748,-0.01631084174308617,0.04066498247901551,-0.0290265974317645,-0.005671545058548166,0.015849791148714987,0.2803378622702659
0.005643871587975635,-0.01272814274625067,0.0011494252873562871,0.014957264957265126,0.002377280904651835,0.004917313039660476,-0.009397024275646038,-0.0567430184591855,-0.001340649641271341,0.009138274975376115,0.19282793453168168
0.00251976249097674,-0.009978905685075423,0.004592422502870397,0.01684210526315799,0.005512467149541678,0.0016893367896775313,0.0026877470355732846,0.023398556374715662,0.01288627431773981,0.005344820268835759,-0.12908155804485377
0.002513429246238319,-0.007687038998960727,-0.0011428571428571122,0.008281573498964745,0.005609740549499476,-0.016181559128841783,0.01001261431725009,0.03387040200781555,-0.015338733321835663,0.01321812207079387,-0.08158271101146353
0.0025071277580073215,-0.008092613526163417,-0.004576659038901698,-0.006160164271047264,0.004183835182250517,-0.0023348948558424842,-0.006556865193973915,0.025296685209877934,-0.0012262233892438301,0.00865813175560981,-0.08255288660044202
0.004888015864619177,-0.010158239634551647,0.0011494252873562871,-0.006198347107438051,0.003598257685752282,-0.00380678704211157,-0.009114481024593224,0.04397079023288697,0.005651244351220441,-0.0021417374978265347,-0.06542648145534258
0.0048642393853344235,-0.01386386647192095,-0.0011481056257175437,0.0020790020790022457,0.001509623852056885,0.0021262675825972632,0.02140988026326207,0.024115860879654782,-0.00798469657305012,0.01886398089420771,-0.07760663805354995
0.004840693095327753,-0.017148287511077553,0.009195402298850519,-0.004149377593361092,0.0029518904660217338,-0.0016469575797141145,0.02577439639779522,0.012263306643993,-0.001151819682976063,0.007792647163970878,0.029274049698285065
0.0004388584148946606,-0.019817424597987854,-0.002277904328018221,0.01041666666666674,0.01164756716137516,-0.014044526350206477,-0.01619617043820465,0.027953596788022894,-0.00477430252107347,-0.011920604549628289,0.0738457950433784
0.0004386659026718309,-0.020652680037354654,0.004566210045662267,0.022680412371134162,0.003528319405756708,0.006918798329841325,0.005769674590353047,0.024637946453210047,0.0027021551248282982,0.025577142554771948,-0.06967198090997173
0.00043847355927240095,-0.018532975491043602,0.002272727272727204,-0.002016129032258007,-0.005428077966938005,0.018278443113772358,0.012849931161083239,-0.031088706738949368,-0.0010408907764998254,0.006067126166655612,0.34092796513828394
0.002200377467572734,-0.015396577260275102,0.0045351473922901064,0.008080808080808133,0.015566856859340117,-0.0012790167742313674,0.02069173840809535,0.06078915574306376,-0.010564118427274893,0.006278182076961292,-0.11253063953056519
0.0021955464366643085,-0.01292306995872361,0.0011286681715576563,0.01002004008016022,0.008000000000000007,0.0029734742544231807,-0.00036993193252432555,0.02372663516774076,0.008718503504923536,0.0034862476123893593,-0.020693118455837323
0.0021907365727884542,-0.010892904811289683,0.0011273957158961512,0.029761904761904878,0.0022416091118382386,-0.008424327814958277,-0.006809266523573276,0.003918805355036525,-0.0009007288892010079,0.0036203981727813694,0.030642898261266538
0.0017042640228885908,-0.008898880740619952,0.005630630630630629,0.026974951830443183,0.0014507646738801672,-0.0018057487937005456,0.022132796780683917,-0.00475075276012038,-0.00667774279320299,0.02038520838835578,0.11562973430950474
0.0017013644486687518,-0.006812381818495417,-0.002239641657334812,0.007504690431519689,-0.011106416369891958,0.004833926453143622,-0.006853310002916224,-0.05786792968985455,0.004958720986391052,-0.015390403982607936,0.39322729523214717
0.0016984747241564069,-0.006097844563902166,0.002244668911335568,-0.011173184357541999,0.005615577122626947,0.016542218811793408,0.02011452062839525,0.012193612508732299,-0.0007962720141966306,0.0007002070326327381,-0.10485462441888715
0.002469687963468914,-0.008170608118620137,0.0011198208286675726,-0.0037664783427494575,0.014021244309559977,0.010553515177029071,0.023819804260218902,0.0382420682442417,-0.010638987268237421,0.014920316596772398,-0.18462702021753996
0.0024636036312342124,-0.010861979175465053,0.005592841163311046,-0.003780718336483968,-0.013228780079013513,0.01841583589507856,0.03212202150839949,-0.036762531356049455,0.009221412598584555,-0.017090369908487668,0.20678873024752265
0.002457549204091025,-0.013443955502113969,0.006674082313681717,0.00189753320683117,0.006490749165908305,0.01647483638004954,-0.0077635521656223005,0.007561796482732808,-0.0007183947291476978,-0.0035196944908949535,-0.1935729005681568
0.0019577762946274557,-0.014686720151308674,-0.0033149171270717703,0.0,-0.023445033751205324,0.03692551065719374,0.010157858613589532,-0.08282378066845975,0.005924900599122429,-0.008014773750415372,0.4067120741775119
0.0019539508958825724,-0.013904697604200544,0.0044345898004434225,-0.024621212121212155,-0.007591186817256013,0.004938106390097063,0.0020383204239706743,-0.051504620648092914,-0.007174211975225608,-0.003903593242798098,0.05639496154122581
0.0019501404172672654,-0.01304537060957811,0.0055187637969094094,-0.011650485436893288,-0.022388059701492602,0.03195994353743292,0.05282072145375638,-0.04904808378449066,-0.0006175901634060121,-0.008731414023305684,0.05693907340012694
-0.001200470766367312,-0.012536325518943903,-0.002195389681668325,0.007858546168958647,0.015521628498727624,0.025718120112524945,0.014426482900753435,0.04871950638008471,0.00955601923187932,0.006529393473043266,-0.23459125111981305
-0.0012019136285419396,-0.014376336592277661,0.0066006600660064585,0.011695906432748648,0.017727386619894814,-0.003497427252255103,-0.01231667830613925,0.02094731649093995,-0.010572102154595364,-0.027353543461302254,-0.13166854193167632
-0.0012033599632820247,-0.017934243227957114,0.003278688524590123,0.021194605009633882,-0.006647381054964097,-0.0007196151952428842,-0.00025711898180891257,-0.07337471613899449,-0.000502649796807475,-0.011792873227465805,0.15192398708638666
-0.0018254757805218347,-0.020618975328433264,0.005446623093681824,0.03207547169811309,0.003345932213891789,0.0019708914493632435,0.013952292162283886,-0.08321707388339494,-0.000512565444688251,0.00012894212399361393,0.11651400575198112
-0.0018288142366177373,-0.01978827781085235,-0.00325027085590468,0.012797074954296273,0.0011733465077503613,-0.0003656629848186599,-0.05041217501585282,0.013425121361558157,-0.0004300775349769248,-0.025859057056846546,-0.1242445700495618
-0.0018321649259182005,-0.01414254687821681,0.0,-0.016245487364620947,-0.016654330125832617,0.008135824114834822,-0.04040066777963269,-0.04667647477575809,-0.00041031601042595955,-0.012625510346213509,0.361866259951547
-0.005176201488446219,-0.005696462898939769,-0.003260869565217317,-0.005504587155963359,-0.04692008530924596,-0.015714929182723436,-0.07292971468336817,-0.1983603717340353,0.013645747213966164,-0.028969967753079917,1.046760987007958
-0.005203133958184947,0.0024956121066432857,-0.005452562704471142,-0.027675276752767597,-0.0021060945109911966,0.055867697157675256,-0.044287644497823075,-0.06835820252889957,-0.0141959246891179,0.0053767477334751845,-0.04223920816653859
-0.0052303481603112045,0.008842602251928566,0.0032894736842103978,-0.05882352941176461,0.015235457063711877,0.08890841891094703,0.05631479736098011,-0.02676815728231008,-0.0003324978753058705,-0.010360303182301966,-0.17512168650424276
-0.015623937627456064,0.012495240752033343,-0.004371584699453646,-0.02620967741935487,-0.02975378418761765,0.015157880771271781,-0.015614543832255134,-0.016042292403129377,0.01287593817414745,-0.04692100303903346,-0.06929018716480295
-0.015871919507875032,0.012113675856480599,0.005488474204171201,-0.051759834368530044,-0.002075661198526979,-0.0340670231651401,-0.03429262028854152,-0.07022476602727123,-0.01325488087115767,0.03421860967214063,-0.030068948215756897
-0.016127900242352777,0.011090328579479003,-0.0021834061135369565,-0.03493449781659397,0.012010198604401445,0.03692595641045893,0.020727414939382127,-0.07850237145647809,-0.00024589892379267564,-0.004226917079195425,-0.02077472270148706
0.0008216049755929156,0.010837210231344319,0.001094091903719896,-0.018099547511312264,0.0042431876947557345,-0.024030620011743498,0.01072796934865905,0.13355507026905244,-0.0017532431459013065,-0.016624226787928742,-0.11041676439146864
0.0008209304950135277,0.01074714501892271,-0.0010928961748633004,-0.011520737327188946,-0.0019145705420214876,-0.014606265876376034,0.03487490523123582,0.0785677802150968,0.0013561836875899402,0.015312665668319347,-0.12254198619319767
0.0008202571209292575,0.008720754681105447,0.004376367614879584,0.004662004662004504,0.001984389469506409,-0.0313754310588501,0.026813186813186896,0.004277572645862149,-0.00015618202003464532,0.0022051392595272556,-0.09414732891752875
0.0020684598949767263,0.0031093988296480024,-0.0010893246187363426,0.0,0.003564827039873375,0.004925878370491521,0.005136986301369939,0.005782945032026809,-0.0034863918741242506,0.02156802802983271,-0.060163064351833606
0.0020641902003317725,-0.00415021716452646,0.0032715376226826187,-0.006960556844547439,0.002236547822654922,0.0020094782325883465,0.0127768313458263,0.09957804870881848,0.0032571140260522213,-0.012105137562302692,-0.03921509193992878
0.002059938096300229,-0.009971760785643102,-0.004347826086956608,-0.014018691588785215,-0.0057757941716987116,0.033269576305569926,0.020605550883094903,0.05282567483430545,-7.749644633503472e-05,0.006032567267059807,-0.03946982233136609
0.002559919225489926,-0.013363336559149785,0.0,-0.011848341232227444,-0.0006601531555320284,0.02717226678633544,0.017442658975415526,0.01804733570893302,9.382596573237478e-05,0.025298696067823867,-0.01218218189003284
0.0025533827718422497,-0.014011089210092753,-0.0010917030567685337,-0.007194244604316613,-0.0021799445105034065,-0.018185392706183023,0.006614470842332576,-0.012251177038848482,-0.00017507156902485388,-0.011116620546180012,0.019890522006431377
0.002546879613315678,-0.012585548880846953,0.008743169398907069,-0.0024154589371979673,-0.0055610724925521104,0.0008899568370932531,-0.02011532787984449,0.01743189430101011,-2.9228457083529946e-06,0.007214138418207394,-0.08861740269770502
0.002424584270090957,-0.010355702616068552,-0.006500541711809249,-0.012106537530266248,-0.017042806737234573,-0.018527986484684122,-0.02340221705214174,0.012802710508775794,-0.011266777243571613,0.00740196840426699,-0.038134001818574514
0.0024187198799163756,-0.00924696880124043,0.0032715376226826187,-0.004901960784313819,-0.006366407043684297,-0.007938395334352477,-0.04105941704035876,-0.0602966903397405,0.011459846433286902,0.0052308717504685465,0.12051382865776361
0.0024128837899257682,-0.011967470711583883,0.005434782608695565,-0.024630541871921152,-0.012882557426215024,0.02917674992009478,-0.008548882069267849,0.06077845254922365,6.930836665763884e-05,0.005487628487022667,-0.20369453577367236
0.007222277169694591,-0.016943837721332122,-0.00108108108108107,0.002525252525252597,-0.010012429222483021,-0.029991126885536734,-0.012012675952538854,0.021910023550607116,-0.004288235249640393,0.007750969252948714,0.09689456257305351
0.007170489904164246,-0.019254809484040125,0.0010822510822510178,-0.02015113350125941,-0.010880937434609828,-0.019918587632638096,-0.06273310458003889,-0.09304839627794936,0.0045137358079856416,-0.000570166100378855,0.6643909323131407
0.007119440031296609,-0.018062131326110786,0.00108108108108107,-0.03084832904884316,-0.02919399196107464,-0.03433511445038162,-0.02833267011539986,0.0019561100043767876,0.0001344919662407129,0.0016661921208622754,-0.1691580824295953
0.0032166297683171585,-0.013781762829112143,0.002159827213823018,-0.037135278514588865,-0.02229970218638766,0.009604813280013502,0.04594970923089514,0.007613658849471516,0.0018355531646441214,0.013814573582257905,-0.11239985422881671
0.0032063162360658204,-0.009436632251271115,0.0010775862068965747,0.019283746556473913,-0.003491827637444378,-0.014395806907115283,0.009710258418167639,0.014708522429281556,-0.0014878046014321633,-0.013237233329009057,-0.01905537631799159
0.003196068629327975,-0.007675154725804267,-0.0021528525296017342,-0.02972972972972987,-0.02415566987251172,0.01971759163702158,0.013417093221653298,0.022260611318894785,0.000198532539167795,-0.0009472004510138188,-0.12368730961063668
0.002185673185288506,-0.008249388042167238,0.0010787486515642097,-0.011142061281337101,0.027733211093284416,0.04347101337111692,0.06359531644600902,0.02531095965573349,0.001488510722182701,-0.007170943778230576,-0.06866042134524108
0.00218090643657054,-0.011181743584997461,0.0010775862068965747,0.019718309859154903,-0.0007433838834373097,-0.024281704283530048,-0.017052813354439422,0.003314039520068812,-0.0010218017851018057,0.0038227611327512623,0.07255119706231894
0.0021761604342722674,-0.01620039085049574,0.011840688912809316,0.03038674033149169,-0.04694241928284493,-0.00815109343936371,-0.03228167776883095,0.01572201710540777,0.0002670843723300287,-0.0021210509145482837,-0.12290945368393613
0.006026346992057174,-0.021231738626145136,-0.005319148936170248,0.00536193029490617,-0.002497853407228079,-0.0011908551755038799,0.010590015128593144,0.022786542388928854,-0.0021765551719175047,-0.02002401136530929,0.02011789556093846
0.005990247680963234,-0.023419579495451703,0.0064171122994651775,0.053333333333333455,0.015259409969481164,-0.0009089621305127249,0.021631736526946055,0.03347825963967366,0.00274609066737308,0.016339248023437447,-0.029498002253204647
0.005954578282217238,-0.021181765473207714,0.006376195536663243,0.022784810126582178,-0.008247263758285883,0.023843563537543577,0.025642904242068942,-0.03541862826674824,0.0003242040653297362,-0.0019146100371877361,0.16529815559306527
0.0009037300031262685,-0.016568152012742532,0.002111932418162654,0.022277227722772297,0.008549001321209282,0.018902980854673235,0.03164511750839338,0.01982042824667296,-0.005446177890733317,-0.007482970317022053,-0.19055248633916588
0.0009029140126428636,-0.012796928977832023,-0.0010537407797682752,0.01937046004842613,-0.03390614163520078,-0.005697069916525965,-0.0064395513086829,-0.012168442463015738,0.006172328225360069,0.00421163433584848,0.0848002986906069
0.0009020994943684801,-0.01003519986915058,0.0,-0.009501187648456089,-0.0354949349924224,0.010901262131498557,0.002717959439682227,-0.03917672127869032,0.0003661885015739941,-0.0013857596542569128,0.08524316840981272
0.0018025812466984092,-0.008653932902626393,0.0042194092827005925,-0.021582733812949617,-0.02695997353622226,-0.003031156684883629,-0.00861829302196293,-0.00892378140839789,0.0011153760035194082,0.010663321786063218,0.04537327408566072
0.0017993377941341038,-0.009181402041501419,0.0,-0.009803921568627416,-0.047849736528981834,-0.0091324200913242,0.005538418395961919,-0.16114261374224625,-0.00030604243817389243,-0.012847815376450078,0.6399907332847519
0.001796105992739383,-0.010352999415150443,0.0010504201680672232,-0.04950495049504955,0.07158796750870278,-0.005657708628005631,-0.039949801296799814,-0.063089319087415,0.00041922044228259736,-0.0008470326916839577,0.1160668062671113
-3.585854690668633e-05,-0.011971991366017232,0.0010493179433368471,-0.04947916666666663,0.024156601416076784,-0.0015601339879778298,-0.0046477850399418985,0.06362239530896874,-0.0028284354836209946,-0.001333693188004359,-0.13565971372801933
-3.5859832788087687e-05,-0.01245412885136099,0.0,-0.008219178082191747,0.0009760065067099255,-0.014890390183372348,-0.010944112067707623,-0.03047474304711162,0.003762736630897212,0.00020665125591667888,0.02328721912996401
-3.586111876197062e-05,-0.010031880376865088,0.007337526205450695,-0.013812154696132617,-0.0025188916876572875,-0.0155703289013297,-0.027810563588078985,0.013593074580562803,0.0005121618152428287,-0.00025237711855496947,-0.17439869959525567
0.0007082606711210637,-0.007428149057676636,-0.004162330905306932,-0.008403361344537785,-0.013685239491691092,-0.014157929032640237,-0.020790651794521664,0.05064319536215178,-0.0025520296464270897,-0.010106901758958342,-0.16459071248842339
0.0007077593929785131,-0.004205667153984405,0.008359456635318674,-0.01412429378531066,-0.0030558308556326574,0.005840644153346952,0.024719101123595433,0.059203122222055704,0.0036501267171569207,0.010372467326864365,-0.10260033098418797
0.0007072588239025457,-0.000923899601998901,0.004145077720207224,-0.04011461318051579,-0.0008284317786431128,-0.0029631045689161306,-0.0017392619479733584,0.014109201922481995,0.0006188693999240602,0.00043269010183966117,-0.10036332595327502
0.00035786366599777075,0.00011097829319295371,0.0010319917440659854,0.011940298507462588,-0.0031506508581378156,-0.015099223468507228,-0.0029543216422998064,-0.06258652190612013,0.004508653507647065,0.007907654596106095,0.20795290592115245
0.0003577356454085301,-6.622793427846219e-05,-0.0020618556701030855,-0.0383480825958703,-0.0009149130832569741,-0.02210785029444695,-0.028339158182647095,-0.055949036521188655,-0.0031484666222512114,-0.00627642430155928,0.1540435769075299
0.0003576077163811586,-0.002732718199840778,-0.0020661157024793875,-0.04294478527607348,-8.325008325005268e-05,0.002587998158539717,-0.02056454765814375,-0.02570973645796293,0.0007298711663685786,0.0011451648054296992,-0.030502932882738976
0.0006791661886869083,-0.006389439616327985,0.0041407867494824835,-0.019230769230769273,0.0,-0.021742637659936226,-0.01900047900367241,0.04752618140102882,0.0007621701686129079,0.015284036381648436,-0.18645433487510754
0.000678705235039212,-0.008432598951130355,0.004123711340206171,-0.02614379084967322,0.0,0.0007231024902634164,0.009114583333333481,0.062184931095512264,0.0009041684250687965,-0.01193255474574606,-0.017728698296264445
0.0006782449066704554,-0.006453796377713483,0.0,-0.016778523489932806,0.006494047123470237,0.011878200902591063,0.03677419354838718,0.0398265241599447,0.0008886394710807544,0.0019307763648570564,-0.06713648369936909
-0.0009988546272856613,-0.0012612773445208614,0.0,-0.013651877133105783,0.0007444784514847314,0.010573658561030319,0.009178593652769074,-0.005728436602183029,0.0024885034413844043,0.0017371334582370057,-0.033509190177529846
-0.0009998533354163008,0.003435119092945804,-0.002053388090349051,-0.00692041522491349,-0.0038022813688212143,-0.003421558296659022,-0.011253275782334038,0.00017250544658797828,-0.0004988514468108329,0.0030181145292289546,-0.07838764131166864
-0.0010008540426691415,0.0050427750180634945,0.009259259259259078,0.0034843205574912606,0.003235977431131687,0.010548706912637318,0.022684752104770833,0.04397728145339519,0.0011087775079052786,0.0028526288550585477,-0.14593115485488561
-0.0018428808735398983,0.004290017929056145,-0.006116207951070263,-0.02777777777777779,0.016293110578115888,0.025037852210199718,0.012882079426785431,0.036467166687462305,0.003990474010925116,-0.01250594967765295,-0.06483369147350415
-0.0018462833538197554,0.0017399380278155796,0.007179487179487243,0.0071428571428571175,0.0008138020833334814,0.03577475952012121,0.005343166767007856,-0.01655243803750195,-0.0016746793196666943,0.019013334606076127,0.2377117642668789
-0.0018496984212245104,-0.003629865867982973,0.005091649694501044,0.0035460992907803135,-0.0026020491136771184,-0.0029449275362319893,-0.029568081443221872,0.02302181811724724,0.00132211006591465,0.0037152266666375944,-0.02990842610939981
0.0038860302604142305,-0.007192614546311704,-0.006079027355623157,0.0,-0.0054622533833359466,-0.010698172008000384,0.004782474544893445,-0.01787595115098317,0.007902624090168286,-0.0025061085796466154,0.05569346054589275
0.0038709874859061966,-0.00821770109227915,0.0020387359836901986,-0.03180212014134276,0.01795229117140762,-0.0019041797921857118,-0.0033778596652848103,0.05354655692630739,-0.005025029965553096,0.010639116156021089,-0.13315271870623036
0.0038560607231024058,-0.00775551027162702,0.0020345879959309254,-0.025547445255474588,-0.007730713480431639,0.003262124031372826,0.01594515482976422,-0.042494596269212925,0.0015140930047232715,0.004326054475942032,0.23958956156988087
0.0017072069570018833,-0.0063307332324945564,0.004060913705583813,0.01872659176029967,0.0035708488881673883,0.011750067495392758,-0.008264462809917328,0.01524727998723674,0.006272630902745435,0.009636874064039347,-0.1139648766017688
0.0017042973686773877,-0.004810868016497549,0.0,0.03676470588235281,-0.0022642730066310124,-0.003341377390012945,0.01758409785932713,0.0435366711558034,-0.0028591572055522985,-2.889801241234835e-05,-0.03087108935447458
0.0017013976810862363,-0.0040226578676753055,0.0,0.02127659574468077,0.0,-0.02017368224995353,0.002854996243426111,0.022588927055871233,0.0017743001155861027,0.004917285387755932,0.004312576601798623
0.000495381714203047,-0.0026104765973822275,-0.0030333670374116384,0.00694444444444442,-0.001783109093856372,0.0065224364686173875,0.02150134851663177,0.03716464852801993,-0.0041856857387270185,-4.8839941667710995e-05,-0.053287811833945264
0.0004951364326684082,-2.5611294084848524e-05,0.0020283975659229903,0.010344827586207028,0.0,-0.011095372993389918,-0.01041437477081042,0.024146382405024314,0.008111118780417259,0.010560429234497848,-0.12043629492750652
0.0004948913939089028,0.0012223509704656355,0.005060728744939347,-0.027303754266211677,-0.005764858720363808,-0.001682979231320103,0.01563773808641522,-0.012901039876677567,0.002124727614965627,0.005545600539246687,0.08331062421413837
0.003480219339605517,-0.00021042173466723213,-0.007049345417925457,0.007017543859649145,0.00587995100040839,-0.011537679790528221,-0.006859311150029246,0.03278242022206079,-0.004309564981783365,-0.0016906450906162274,0.06545344506084327
0.0034681494189252593,-0.004098516255817697,0.006085192697768749,0.0034843205574912606,-0.008524803117642255,-0.0019836949947990012,0.003600293901542928,0.003773752766290661,0.008684191322874124,0.01262910428368369,0.014710041334844881
0.0034561629294695972,-0.007441378631624307,0.002016129032258007,-0.04166666666666674,-0.002866033409760993,0.007999030420555053,0.012006735485760478,0.0033588233767269937,0.0024330323574772716,0.005868024218302681,0.051427363580188734
-6.994406918614526e-05,-0.00835259149723977,-0.002012072434607659,0.0036231884057971175,0.0009854644000986124,-0.00781531802332569,-0.0007234319612241524,0.01975011933106452,0.006633452402728945,0.015942584768707357,-0.09924147237320868
-6.994896170109399e-05,-0.008384212924907208,-0.0020161290322581182,-0.036101083032491044,0.0012306177701204568,-0.011936500242365478,-0.005864041120683394,0.004508166798459001,-0.001503294041034886,-0.00407258084788531,-0.06826082628097141
-6.995385490071726e-05,-0.004778629373360932,0.004040404040404066,-0.029962546816479474,-0.0018846279908226737,-0.013810020236708187,-0.010195164579085314,0.02087604036800328,0.0026778140768359826,0.005870537906449647,-0.11889400354614488
0.0018536108884257274,2.7515574028358358e-05,0.002012072434607548,-0.03474903474903468,-0.0025449470486822445,-0.013667624270914835,-0.003899352560329472,-0.027659726594565726,-8.320918931270516e-05,0.030282573296637416,0.10351005566655536
0.0018501813720890325,0.002338332853779379,0.0010040160642570406,-0.016000000000000014,-0.002633744855967124,0.005295675198587757,-0.01647093581505299,-0.034012746402682925,0.0059780338454173965,-0.017479125826262654,0.14401613768106003
0.0018467645227702167,0.0007088220360875752,0.0,-0.04878048780487809,-0.003465918468394058,-0.007738617835193806,-0.031165515169720548,0.04076728904032012,0.0030216819914701265,0.005944748997119831,-0.07486583409563319
0.0025389499669388194,-0.004065556703129025,-0.004012036108325012,-0.02564102564102566,0.00016561775422330172,-0.0031853172045048783,-0.01767304860088359,-0.06114658762940062,-0.0064788158149327035,0.013273796103051572,0.3368967467219446
0.0025325200253043523,-0.009743020156897653,0.0,-0.0350877192982455,-0.004222553402881135,0.0024473440610695008,-0.015860490807227956,0.03772936168086649,0.013077604634387008,-0.001146126759360766,-0.11586914595114217
0.0025261225693111733,-0.013377531249959662,0.001007049345417954,-0.01363636363636378,-8.314625426142364e-05,-0.0028335062109444697,-0.011305323925593358,0.013797710655111706,0.003493376529285497,0.006112135229237259,0.12768191412923136
-0.0007247144794965132,-0.012759070273228201,-0.01307847082494984,-0.009216589861751112,-0.09030434059537651,-0.027273880502346803,-0.05757846078987927,0.02293524951476833,0.0037953937745969224,-0.007878495159512555,0.18499070643828364
-0.000725240071477451,-0.009302715795336258,0.009174311926605672,-0.06511627906976747,-0.029433272394881138,-0.03428534167970787,-0.023319851992083196,0.0788310831882224,0.0032099074788889403,0.019621112152614417,-0.1463250331566064
-0.0007257664263723429,-0.005467355070626012,0.007070707070707005,-0.04477611940298498,-0.0009417969485779887,-0.022862621706661646,-0.04511013215859028,0.05851997083825844,0.003863131862112512,0.006020194009193736,-0.14785109759776027
0.0017295972569737472,-0.00446573402315531,0.005015045135406293,-0.00520833333333337,-0.0215874811463046,-0.0033444816053511683,-0.005443808820815632,0.025131335090976537,0.0020008672689746376,-0.0034159364255629265,0.09237555758432947
0.00172661091547055,-0.006020590247131308,0.003992015968063756,-0.05235602094240832,0.001156180749590341,0.00011093238671033845,0.0344187772520641,-0.02563168625175405,0.005934440488502446,0.0152155134389369,0.04867376319135075
0.0017236348686919811,-0.00824870488907914,-0.0009940357852882276,0.044198895027624197,0.006159176210182027,-0.0006377904719649941,0.005650224215246524,-0.025310889986182694,0.0040464254285279555,0.005685328484497765,0.18796895948389114
0.0017895521548283444,-0.009714710087960099,0.003980099502487677,0.07936507936507953,0.0035389765662361405,-0.019326285413024724,-0.019352537233568223,0.006374594152945168,-0.0065743266877433815,0.01071783863708653,-0.09846306110615222
0.0017863553787111908,-0.008135825024626064,-0.0009910802775026095,0.02450980392156854,0.027163553183378042,0.010440687557473405,0.013004728992360937,-0.026228726815193837,0.015323677565885152,0.0008732255944303713,0.06497023278286229
0.001783170003384349,-0.006453109085442499,-0.0029761904761904656,-0.009569377990430672,0.012619467384244132,0.023885863097321547,0.007361522578328561,-0.07235911435861986,0.004290225210579646,0.005497413527457917,0.252467560642218
0.0017114807115108377,-0.004805992676649606,0.0,0.0,-0.002840648767524878,0.002160565575900053,0.0012476606363067688,0.034124585138295416,0.0001406827299095248,0.0062424863380030615,-0.2479874387270843
0.001708556549931295,-0.005505247605317343,-0.00995024875621886,-0.01449275362318836,-0.004502848741040344,-0.03587266500197861,-0.044414775255896655,0.046856232739599823,0.008796928874142074,0.004713021687566377,-0.03513511920594625
0.001705642363499127,-0.00826483108044862,0.0010050251256281673,-0.02941176470588236,-0.0005538631957905382,0.02741373942087244,0.013133383010431876,-0.034117445078911346,0.004618799764045445,0.005442850407845645,0.04295332011878483
0.002928950976667455,-0.010941920015143047,-0.011044176706827225,0.010101010101010166,0.010529232474369765,0.03945175287554248,-0.001562930955226416,-0.07295959213519199,0.011926634172151118,0.0009209802014464863,0.2458101122009264
0.0029203972762130714,-0.0121576198979777,0.004060913705583813,-0.015000000000000013,0.007037747920665138,0.027829682344054474,0.02145488029465925,-0.05122754815852182,-0.002802196302673199,0.009369265601635535,0.0687614661277145
0.0029118933906864264,-0.01055479968434414,0.009100101112234471,-0.060913705583756306,-0.008894536213468696,0.00594386209208464,0.0006310285765800394,0.05859159613277787,0.004741265554575103,0.0051638955513471085,-0.2255185806350981
0.0007426762927462693,-0.00792662274249989,0.0010020040080160886,0.043243243243243246,0.0009157509157509125,0.01550884388618301,0.021531531531531423,0.003940680267885632,0.016330412033611852,0.007290033703452048,-0.07535378962398187
0.0007421251340031798,-0.006143359679105842,0.006006006006005871,-0.03626943005181338,0.011802378774016686,-0.018313770036602284,-0.002469353558514742,-0.012031958246501606,-0.006792176136328654,0.0025679385796710807,0.041192283752573555
0.000741574792710642,-0.006428065642696268,0.0009950248756218638,-0.021505376344086002,-0.014919974681255277,0.01632831484076691,-0.007249580054813909,-0.022988408621897327,0.0046499401419966,0.004686929185122368,0.30726576926576654
0.0011789377332649398,-0.009676466876971546,0.0059642147117298094,-0.02197802197802201,-0.0024784284927482636,0.06397297878531027,-0.014248820019592157,0.002127904246551182,0.015243714626641758,0.012800829784826995,-0.2747718326598234
0.001177549475755324,-0.013898271654268712,-0.000988142292490224,-0.022471910112359605,0.0012883040397535517,0.016824007799681295,0.01291896286927452,0.0330954766095124,-0.0055060280067871226,-0.0034006764349843177,-0.10344001826517979
0.0011761644838839125,-0.015715504734575836,0.0,-0.02298850574712641,0.0034923260729713412,-0.0034260590965961013,0.0,0.007143182015777683,0.004657432021792252,0.004338025753363617,-0.013675371941761272
0.0015439915095563084,-0.015569975359725707,0.0009891196834816984,-0.0117647058823529,-0.002930671306896282,0.04883371661895142,-0.016589368533713844,0.007185602988522666,0.015714201126349137,-0.0009217466956004117,-0.02991234807079257
0.0015416112748369848,-0.013004927054312776,-0.008893280632411127,-0.005952380952380931,-0.011848994213281783,-0.027922586419062534,-0.02058770179575542,-0.010081713949324556,-0.0061579893584498,0.009390115639313246,0.14053259546502406
0.0015392383676149368,-0.00796921696741737,0.008973080757726848,0.029940119760479167,-0.00074363264547328,-0.028229797224204267,-0.0237058986943236,0.055476008463523074,0.004767489003064673,0.004087420402083319,-0.22221401215511294
0.004326662562597061,-0.004677973266856372,-0.00988142292490124,0.058139534883721034,-0.0033488372093023466,0.01964685401641386,0.006734326093142284,0.02884161211991687,0.0050155567069369855,-0.012035337296062765,-0.06235146539164116
0.0043080231998990914,-0.003921102856701886,0.007984031936127733,0.027472527472527597,-0.0050401344035839735,-0.009605110336817657,0.002732240437158584,0.0022515115771961636,0.003978138663181641,0.0196680580061539,-0.027528416119482646
0.00428954374592494,-0.0047503314791746964,0.002970297029702973,0.0,0.00431519699812366,0.015092702262146318,0.003946255754956329,0.03521142710250791,0.004673737038665804,0.0036633446174489936,-0.03534193429609456
0.002374850656868821,-0.006892561289909449,0.005923000987166915,0.021390374331550666,0.0019615169064075566,-0.020055452865064716,0.003556387459054733,0.02254520513404623,0.0028469879645092178,-0.0010111147716254099,0.3495032455163227
0.002369224103450751,-0.008840613227896754,-0.0009813542688911214,-0.015706806282722474,0.016500419502190722,0.008606054890125447,0.031241257110883103,0.03519532244571333,0.0062214780476319564,0.007785108753629366,-0.2611309609902557
0.002363624148147281,-0.010683223751740134,0.004911591355599265,-0.005319148936170137,-0.0027512839325019023,0.025364097529046115,0.015463917525773363,-0.008999275314579336,0.004384878860239416,0.0030936680349598067,-0.040201174602846446
0.0026527504587847694,-0.009808393319973963,0.0058651026392961825,0.0053475935828875,0.017013058672062042,0.010179654370525704,0.025113545284531025,-0.014973361572465094,-0.0010083940394134405,0.012130749520410378,-0.026273616671168343
0.002645731992028999,-0.007740071474561461,0.0009718172983479434,0.03191489361702127,0.03065376616330573,0.028256429353284318,0.025714533924072747,-0.007348393238684192,0.009922163175812182,-0.006150450672385954,0.1153523213856289
0.002638750565239656,-0.006582601332100424,0.0,-0.010309278350515427,0.006316897701351243,-0.018118765158415595,0.009147116117557363,0.015132996961562561,0.004202483404015744,0.0026050660972727346,-0.14845423483757314
0.0033791577070940715,-0.007176298378805401,-0.002912621359223322,-0.01041666666666663,0.0066259808195292536,-0.004459595395104543,-0.013344523709609701,0.02873085620782856,0.00787482656712224,0.0023114069186391806,-0.06235662057594471
0.0033677774559479623,-0.008558312278352354,-0.006815968841285325,0.0,0.00814134765286667,-0.0030986516374577056,-0.001531133038448429,4.00841614200953e-05,0.0004678939660904824,0.00246665915739408,0.07203070676254497
0.003356473599827048,-0.0104287916675887,0.006862745098039191,-0.021052631578947323,0.004209621993127355,-0.005968804549805751,0.008348952121315367,-0.0050440193254081,0.00411247846046181,0.0021533260593691317,-0.040213653043674635
-0.001841545623777141,-0.01060995935989606,-0.009737098344693274,0.010752688172043001,0.0029087175977413615,0.0007477482580864336,0.030753632984116264,0.02234345583539188,0.004132058545405881,-0.005857264584036126,-0.04937273052014646
-0.001844943170799529,-0.010206295735759152,0.004916420845624492,0.010638297872340496,-0.01543973385652142,0.0007358684946394689,0.012131147540983545,-0.044730795246766264,0.0034489372344086444,0.009482850149881816,0.7648404735638814
-0.0018483532775560585,-0.009431006592113711,0.007827788649706457,0.021052631578947434,0.012389533876278058,-0.0012330874700211547,-0.0009718172983478324,-0.012331263890833943,0.0038459382459901104,0.0015867352862422024,-0.17145155538755052
0.002619837600077446,-0.008282094692205422,0.001941747572815622,0.0,0.01754385964912286,-0.012176198081257805,-0.004863813229571967,0.019577907809455786,-0.0006528766310633927,0.00026132510070220327,-0.14389197601964276
0.002612991985425195,-0.006311873171176208,0.01065891472868219,0.010309278350515427,-0.00925147182506314,0.005893684355364082,-0.03779732811990877,0.023435565566539696,0.007940584771884751,0.0022681411060756496,-0.04401344401541285
0.0026061820526093182,-0.005240956752983639,0.0009587727708533222,-0.005102040816326481,-0.01850594227504243,0.0018238606570457616,-0.011344395529969575,-0.02245736137667298,0.0034215749055852562,0.0009794663095503697,0.025441300363014063
-0.0021822469057785066,-0.004951570740957756,0.00766283524904221,-0.00512820512820511,0.00518941359626357,0.009557836287918509,0.0006850488097278618,0.0009448648045293773,0.0005234197183758837,0.015403616572863488,-0.07896738353119104
-0.0021870195223639977,-0.00554246275168202,0.0,-0.005154639175257714,-0.017983135432799835,0.010831097987061167,-0.011723429744994074,-0.003503616695422651,0.006220723984198706,-0.013576851488931618,0.03737177501637867
-0.00219181306031635,-0.005805932361822808,0.000950570342205248,-0.005181347150259086,-0.011127661438710135,-0.004526854505112143,0.009524634167460189,-0.01586654977387103,0.003124782943427551,0.0006426732900894905,0.03127694829735028
0.001485959179797991,-0.0071338260899219685,0.0009496676163343043,-0.00520833333333337,0.011252879673932181,-0.011301396713746525,-0.015009863624667497,-0.04620176285048716,0.004444071396994653,0.008152490382817179,0.2799722360392778
0.0014837543813546183,-0.007507694520166197,-0.011385199240986799,0.015706806282722585,-0.0031542977306581177,-0.0017446075765814584,-0.010188087774294696,-0.02143868880405464,0.001794692507065987,-0.006926183582455558,-0.030914158754094978
0.0014815561159762236,-0.007967809209862398,0.0019193857965451588,-0.020618556701030966,-0.007383317218950469,0.018792982137588288,0.0014955573150348123,-0.045811604763965064,0.003173865899217976,0.0005824383046613146,0.13566920188572773
0.0021868378130629473,-0.008682239489616106,-0.009578544061302652,0.010526315789473717,0.0003542017178783663,-0.013043865707220381,0.0028109627547434624,0.015674642358734836,0.001135979103370488,-0.004752801392313599,-0.15948969856094286
0.0021820659886482296,-0.009754810887894871,0.004835589941972973,-0.04166666666666663,0.006284854386120253,-0.015112355112129383,-0.005693763139453356,0.04278331514739442,0.005060925443668873,0.006002670096681539,-0.17129831515318772
0.0021773149437629424,-0.011768941486091644,0.004812319538017418,-0.021739130434782594,-0.005014074595355411,-0.016524569123579025,-0.004316800281913391,0.03011739548157366,0.0033945989220691697,0.0007571061525770695,0.009940503518213184
0.00019170386470501732,-0.013661099340739669,0.009578544061302763,-0.04444444444444451,0.0007072761029085495,0.004159772552492225,-0.005662714563794191,0.03628016043823301,0.0010813874765172038,0.000693629065108281,-0.10487537625143695
0.00019166712137708153,-0.012820940926970392,0.002846299810246755,-0.023255813953488413,-0.0013252054068378927,0.011568943710184687,-0.0047161416622173435,-0.025348305688935757,0.0060339912317781685,0.001169732658298006,0.28419016504812933
0.00019163039213143662,-0.009475417655990359,0.002838221381267658,-0.029761904761904767,-0.012119603680113222,0.022150591906029193,0.009655789003129023,0.0008966254720685907,0.0037619267516129096,0.0011531445043888588,-0.13146462860879737
0.0012772800754288216,-0.0029539374623875903,0.0037735849056603765,-0.05521472392638027,-0.008149010477299323,0.009370756506222877,-0.006641282210218757,0.02780132436717664,-0.0018425815736267115,0.01369360559911037,-0.12103217949100553
0.0012756507121907124,0.004342504609869957,-0.0009398496240602405,-0.07142857142857151,-0.016612495485734846,0.017922661270596718,-0.008201105366375305,-0.04316532752553459,0.010354187828343075,-0.010526431597569164,0.4969655196225118
0.001274025500653586,0.00971264341817113,-0.0009407337723423836,-0.0629370629370628,0.001009915534337269,-0.026891233588920205,-0.010965306489304272,0.04427597731744526,0.004492632610931135,0.0018244417287900383,-0.18517875071749468
-0.0011133377398849786,0.015540111139141777,0.0009416195856872811,-0.022388059701492602,0.007153994313491729,-0.017431419207111776,0.004452926208651231,0.008254352359526429,0.012709470111255339,0.005121043941813008,0.014669973732088781
-0.001114578642351649,0.020327629850418028,-0.008466603951081786,0.0,-0.00027319916218915274,-0.02031094712071191,-0.00018094634940735155,0.04066639378284642,-0.0025959920972772332,-0.0005391594923688237,-0.2011235639754516
-0.0011158223140714796,0.02370269455839824,0.005692599620493288,0.022900763358778553,-0.0048278374931681745,-0.012010121150639486,0.005610352004343566,0.006327172579424056,0.00563407094521029,0.0028221935761143513,0.08459634777253244
-0.006766268764610728,0.027403940813076177,-0.008490566037735903,0.03731343283582067,-0.014645308924485123,0.002313202959955518,-0.0011698011338071579,0.015054369583463734,0.003646402184300568,-0.004709775348322287,-0.020302546906427965
-0.00681236304388777,0.03320771352231877,0.0057088487155090295,-0.04316546762589912,-0.010868555503948052,-0.009796648886690962,-0.01756756756756761,0.0003870263841414534,0.008380920236450207,0.011306521327072883,0.32822788267555136
-0.006859089652752948,0.038842481442803,0.0009460737937558861,-0.045112781954887216,-0.005353117956423792,0.06379689636720376,0.014488766620816218,-0.24223710503271245,0.006834532326645659,0.003938498169608895,2.2344279322719385
-0.029580404492314805,0.041351143837162097,0.003780718336483968,0.015748031496062964,-0.00434331035785096,-0.02138385870780235,-0.018168670342583404,0.005910398450258647,-0.0011152174181211505,-0.012651148249643529,-0.27075298024188155
-0.030482076649368972,0.037034878391331905,0.0,0.0620155038759691,0.0027501185395921723,0.012998732109609668,0.0036825630638923634,0.037880723848624065,0.015954258147759637,0.021738577404278647,-0.2518755513185592
-0.03144044675731572,0.028547887650565373,0.006591337099811634,0.007299270072992581,0.013050879515793534,0.013452105767604472,0.03237937993028783,0.0988227966481654,0.007815556309723304,0.00479869954892842,0.04769945830750455
0.028921799963896877,0.01689395297809959,-0.004677268475210439,-0.04347826086956508,-9.335324869308437e-05,0.006553327844411205,0.01848067525544206,0.022869424104984493,0.01343639214508352,0.0025583471580090666,-0.18971851668409112
0.02810884166795935,0.004939121125978829,-0.00187969924812037,-0.030303030303030276,0.0052282700028007945,-0.004266749201366271,0.031841577248538755,-0.00045774808385334875,0.003380183386225255,0.008271878567533975,-0.10871366321889875
0.02734033647872991,-0.002149190692135483,-0.0037664783427495685,-0.015625,0.0017646512491873434,0.009613570009213923,-0.00304362529590807,-0.007266520333930604,0.008232390693759584,0.005639807942901642,0.10255725642956248
0.003223788671967265,-0.003970259600299841,0.0,-0.015873015873015928,-0.004357500463563757,-0.0022650554718681715,-0.0014416553595658632,-0.011494326473727612,0.01573509305881826,0.014278198326243663,0.060000708831784655
0.0032134292551362353,-0.001634600568806488,-0.010396975425330801,-0.016129032258064502,0.004283452835459389,-0.012519147904475392,0.00535031847133749,0.06384983745270945,0.000798957686863444,-0.0020160559659270216,-0.14000434264610107
0.0032031362035516153,0.003995750770833251,0.005730659025787954,-0.008196721311475419,0.002688919796012934,0.011372133251492667,0.02804527791856737,0.04317477142814785,0.008053541614972959,0.0065384744843854925,-0.07791056412408304
-0.002052568634704044,0.006868788244974056,0.014245014245014342,0.016528925619834656,-0.0018494544109487476,-0.01497395833333337,8.216926869342167e-05,0.023096317557236512,-0.012775318863566199,0.01042098433216121,0.03216190363284088
-0.00205679033803996,0.0036059474455478746,0.005617977528090012,-0.008130081300813052,0.005929219937002239,-0.022393493676274523,-0.005997863774546142,0.017057818931827562,0.027493232055885386,0.002592622545970702,-0.030039007769990023
-0.002061029443485851,-0.005726869747812446,0.004655493482309092,0.0,0.019064284398599973,-0.015985240867213646,-0.016448999834683398,0.03009414343038541,0.006826772859783059,0.007091461400672072,-0.1261464242596929
0.007835029167409635,-0.01578456153289809,0.004633920296570837,0.040983606557376984,-0.0030727519204699627,0.007615897895729695,0.006723254054962657,0.04188888883627473,-0.007125999879697087,0.008377312632539269,-0.08642590378839599
0.007774118720484058,-0.024257075518304805,0.002767527675276771,0.03149606299212593,-0.005711177590426941,-0.0031088561951760907,0.013941063527840303,0.008604153709003137,0.018924493756983463,0.006024383901211072,0.15935304489700397
0.0077141480179647726,-0.02784020055940173,0.0036798528058876734,0.022900763358778553,-0.002552881108679683,-0.004474947251269401,-0.008150831549481152,0.025856319782841197,0.004688053434970696,0.007269629653790188,-0.14407406124162625
0.00028825933313880725,-0.02629201117844482,0.005499541704858002,0.014925373134328401,-0.007678244972577852,-0.0030161170113658375,-0.018676849008052,-0.0032803497692708294,0.008855401362839688,0.005539907591904036,0.10117272773951558
0.0002881762636415264,-0.018473604816219624,0.0009115770282588365,-0.03676470588235292,-0.008658806190125157,-0.0038078329225701424,-0.004229402808323401,0.032438367586355765,-0.0016952847895701506,0.009808376840704458,-0.05068490634377332
0.00028809324200729236,-0.009678181571405431,0.002732240437158362,0.0,0.008827355510128365,0.004643146083224803,-0.00016989466530747954,-0.006454662839215142,0.0020577666244232518,0.007549575791802043,0.15896470697971643
0.0017921117037209555,-0.004719687482849899,0.005449591280654031,0.007633587786259444,-0.013723864787694717,-0.011542546362755646,-0.01435853865760417,-0.008863837848671285,0.01743153680635845,0.0011477715757852724,-0.10680712014103277
0.001788905784727346,-0.003868079556589188,0.0027100271002709064,0.030303030303030276,-0.017370190511766803,0.001086263489739503,-0.01611930006033957,0.03760275373953381,-0.01617365567115292,0.014418762615484582,0.023616060103569314
0.0017857113154253756,-0.007678579516071982,0.002702702702702675,0.007352941176470562,-0.010834442121269827,0.001049701601679498,-0.009637287541615525,-0.02017862987763186,-0.001326791159690588,0.007854525769910747,0.21708563366546318
0.002259995635001122,-0.014045626734449201,0.008984725965857976,0.014598540145985162,-0.0006725595695618036,-0.016164948453608163,0.0008846426043878086,0.004173455611439891,0.009274079101763588,0.0012165837650668365,-0.027333741069026418
0.002254899571811686,-0.01797559242939306,0.008904719501335645,0.07194244604316546,0.0057686760888375765,0.003401075410464305,0.0024748099699487547,-0.03892375489712796,-0.015443409430694555,0.013224047718564336,0.2283437527516068
0.0022498264391372924,-0.018495029408855945,0.024713150926743088,0.13422818791946312,-0.020648121594493918,-0.0017783188322770815,-0.028478222535707975,-0.06767008308028133,-0.005304021922251101,0.0070871163228354295,0.28497901565904216
0.0005058582706485293,-0.015001130028627352,0.006890611541774394,0.17159763313609466,-0.0033186920448999846,0.00020325689279987458,-0.018150467374534962,0.01621642752895247,0.01242502692816716,0.004683656918404555,-0.18758357788349056
0.000505602507438585,-0.007793573552328459,0.011120615911035081,0.15656565656565657,0.014102438546665486,0.015707369553523254,-0.022183196228856672,-0.035862458077504655,-0.025937984449710072,0.007813899082836917,-0.0004449742070806728
0.0005053470027267526,0.0004538280540893336,-0.0008460236886633776,0.14410480349344978,-0.01062288749396434,0.00929750850310107,-0.0012288496077135225,-0.033700694863427305,-0.008279538547413812,0.005257808670467989,-0.06739417283267934
0.0009786287714099728,0.004957740582684611,0.007620660457239747,0.08778625954198471,-0.03601756954612001,-0.009375109317972363,-0.03662691652470185,-0.023074934540479486,0.012004740105753475,0.02443785652934083,-0.003284258880691393
0.0009776719934682099,0.0050856608004803405,0.004201680672268893,0.01403508771929829,-0.01883353584447156,-0.005367547525160443,-0.005010315355143069,0.04651114536855849,-0.031081898245446937,-0.015494832772460332,-0.12164773947042895
0.0009767170845289552,0.00165083320355075,0.02175732217573212,0.0657439446366781,-0.00515995872033026,0.03507733819335135,-0.02211690363349128,-0.06401616706357327,-0.010402299654001523,0.0028331315609309016,0.15692792087892782
-0.0011646112376022533,-0.0026114681210501756,0.01146601146601145,0.07467532467532467,0.015663900414937704,-0.004630529481037704,-0.00787560581583191,-0.010138042766190347,-0.025361025614453414,0.013867687666526463,0.036169043835343695
-0.0011659691383633097,-0.006683519690104611,0.0,0.10876132930513593,0.0052088652844448635,-0.0019067747938156243,0.03816405454915528,0.09435333598059104,0.0031455305960006452,-0.010985791251016175,-0.24813458445388803
-0.0011673302093618831,-0.011250234606754228,-0.012145748987854255,-0.019073569482288777,0.0023369233895551567,0.0006674952814988977,0.03803548671698853,0.009830811352763202,-0.011774365803125186,-8.932978104458922e-05,-0.04832576100483643
-0.0015714356191960377,-0.012578390214828095,0.004918032786885185,0.03611111111111098,0.009731373542828159,0.014514088556641713,0.016998772310888643,0.051520690659260016,-0.0363980114374306,-0.012711805704213819,-0.09035335779795572
-0.0015739089157277286,-0.011834179764451558,0.00978792822185981,0.03217158176943702,-0.005621925509486925,0.003831678229719193,-0.005014393165567954,0.03628631086520384,0.014591847429784588,0.010704916937901432,0.021563073095639318
-0.0015763900100190797,-0.007745131074641143,0.01050080775444262,0.025974025974025983,0.0003028773346793745,-0.004042913608130916,-0.0008399440037329953,-0.015972760042211376,-0.011580877641181542,-0.0018235977185983021,0.16738472105502122
-0.0002539029102024415,-0.0023734603372160823,0.005595523581135131,0.0075949367088608,-0.006257569640694349,-0.0008730950653120795,0.024472258546609282,0.027524934194772754,-0.02876064235358866,-0.013785315087341377,-0.19512551264256617
-0.00025396739326255524,0.0028586845959357454,-0.0015898251192368873,0.002512562814070307,-0.00964858825919157,-0.012188617148045089,-0.009117432530999281,-0.009620147804318857,0.007237594648384693,0.009788548878322478,0.012844738112580245
-0.00025403190908446227,0.007234020496168503,0.00398089171974525,0.032581453634085156,0.00133319659522102,-0.013556829540101845,-0.0025763709974235827,-0.0021381036626445526,-0.01008576624220836,-0.0019615615451045176,-0.18390487035691294
1.4726387664865115e-08,0.01108950456299529,0.004758128469468659,-0.009708737864077666,-0.010344121261777972,-5.823365672419367e-05,0.020110701107010964,0.0101913113126475,-0.019324289759985902,0.009360706263175755,0.05654435381401246
1.4726387664865115e-08,0.012820866449417156,0.003946329913180779,0.026960784313725616,-0.007761564731449955,0.0004193067461797373,-0.013474407668656152,-0.013390399399432651,0.0005277775843470778,-0.012280145342878801,0.17903179153457804
1.4726387220775905e-08,0.012418654956957598,0.0015723270440251014,-0.004773269689737569,0.0012515644555695093,0.0030969124016206884,-0.020625171876432313,-0.014629990831334982,-0.007976929640448605,-0.0008147735989180172,-0.09045975682459495
-0.000921072926865607,0.011041740854697446,-0.0015698587127158659,0.011990407673860837,-0.005520833333333308,0.0074282132825738145,-0.011325346312242579,-0.03686258974196743,-0.012356497873430405,0.00012521697063938575,0.199232126804731
-0.000921922084338056,0.008428735046763336,-0.007075471698113289,0.011848341232227444,0.009112810306902697,0.002845687688656451,0.02319416832339294,0.03989296386927088,-0.0009193239741789316,-0.0004972344342887292,-0.2504599471361284
-0.0009227728089695741,0.007486681740958012,0.002375296912114022,-0.03512880562060883,-0.02003321569441563,-0.010075248434717632,0.008789785344189616,0.05359781604217906,-0.0051766355389438745,0.0004428374343363739,-0.11582912116928967
-0.0003582705392639607,0.008548697898724367,-0.0015797788309636074,-0.05339805825242727,-0.00773223175511073,-0.0034235447033701405,0.00018343575162793613,-0.0003521145410382287,-0.0030686212682775604,-0.012067180357209661,0.05062842053723138
-0.00035839894304634523,0.009972043656902407,0.006329113924050667,0.00512820512820511,0.010034158838599483,-0.004739557253152893,-0.010087116001834096,0.037315670822672065,-0.004056572193917307,0.014236039838021686,-0.0036623819643313293
-0.00035852743890163463,0.012776282831349572,0.0062893081761006275,-0.010204081632653073,0.020503064891143508,0.0006786324386305331,0.007132931912922746,0.0416421576789936,-0.002266683941118397,0.0015891923289617083,-0.04708972063638761
-0.0008608446842635065,0.01394963143478134,0.006250000000000089,0.0077319587628865705,0.010874067937033827,0.0015668116552078892,-0.013245033112582738,0.0027307254075346066,0.010230443817698553,-0.003522173881492785,0.2305020291834048
-0.0008615863763156151,0.012576269489104508,0.0023291925465838137,0.012787723785166127,0.0070689478537036,-0.001097387284316742,0.007829977628635243,0.016290830505295117,-0.011978877577051184,0.007711925712714507,-0.18195016361929217
-0.000862329347533275,0.00857213331119877,0.0015491866769947737,0.007575757575757569,-0.021770091556459814,-0.010763872656724738,-0.004901960784313597,-0.01832264680685136,0.00024290946973137828,0.0025152209541987602,0.2448052656190125
6.392822146850108e-05,0.0038041433789957058,0.005413766434648082,-0.005012531328320802,0.006239600665557399,-0.0036742554021006457,0.007900362487220036,-0.0073491928298949905,0.016365824962917497,0.011854681404161793,-0.10005071837014856
6.392413491229654e-05,-0.00040848224279721457,-0.0015384615384614886,-0.02518891687657432,-0.023356758991318838,0.009699758098942413,0.015492438214680826,-0.024124373741433836,-0.01347767418120005,-0.005705021649745623,0.20634712038908742
6.392004887856295e-05,-0.0017750789158260671,-0.0007704160246534419,-0.023255813953488413,-0.003809523809523707,-0.013258954785672405,0.008536142390120016,0.022083855867263358,0.0022295541796630847,0.003192188635471993,-0.03273808259789057
0.00060723684596109,-3.8752304013844885e-05,0.0038550501156515704,-0.023809523809523725,-0.0029742936052687963,-0.006248437890527314,-0.018188366648658416,0.012238560237412432,0.008633808810782462,0.008481326125405309,0.09903876669321376
0.0006068683331483804,0.004062156442412368,-0.006912442396313168,-0.01084010840108407,-0.003302791391434079,-0.001401264731244578,-0.025128393250183456,-0.026646169412621767,-0.0024573986423097605,-0.002190721387002159,-0.05847659934200167
0.0006065002673423248,0.01000881637163653,0.006960556844547439,-0.016438356164383605,-0.0017103153393907,-0.006896220870962755,-0.014205079962370526,0.019883124387608975,0.0038367546027957555,0.0027582125836542737,-0.1459737440373119
0.001020814308832163,0.014587321795991315,-0.0023041474654376115,-0.00835654596100277,0.008030838419531117,0.013332689242065765,-0.011928619143047992,0.030845824873218852,0.005318090689779176,0.005329430395974333,0.049171398445295944
0.0010197733096459771,0.01728828247128389,0.004618937644341736,0.0196629213483146,-0.00010622477161670307,-0.009975210945321167,0.0056982808576393484,0.05859633533697006,0.003047894358039871,-0.001554380036801195,0.032881720531951375
0.0010187344314631641,0.015632346714392842,0.003831417624521105,0.0027548209366392573,0.01434186762987344,0.007607949826052618,0.037837318736195336,0.009635511995043089,0.004843799831680595,0.0009060574595201043,0.22019721415572846
-0.0009222810230398171,0.011793096057062913,0.004580152671755711,0.024725274725274637,-0.018642647674905644,0.020023177186002883,0.03766077542333668,-0.06875187365266933,-0.005417054159133405,-0.005212993248159825,0.40365823584127725
